OrganizationIdentifier,OrganizationFormalName,MonitoringLocationIdentifier,MonitoringLocationName,MonitoringLocationTypeName,MonitoringLocationDescriptionText,HUCEightDigitCode,DrainageAreaMeasure/MeasureValue,DrainageAreaMeasure/MeasureUnitCode,ContributingDrainageAreaMeasure/MeasureValue,ContributingDrainageAreaMeasure/MeasureUnitCode,LatitudeMeasure,LongitudeMeasure,SourceMapScaleNumeric,HorizontalAccuracyMeasure/MeasureValue,HorizontalAccuracyMeasure/MeasureUnitCode,HorizontalCollectionMethodName,HorizontalCoordinateReferenceSystemDatumName,VerticalMeasure/MeasureValue,VerticalMeasure/MeasureUnitCode,VerticalAccuracyMeasure/MeasureValue,VerticalAccuracyMeasure/MeasureUnitCode,VerticalCollectionMethodName,VerticalCoordinateReferenceSystemDatumName,CountryCode,StateCode,CountyCode,AquiferName,FormationTypeText,AquiferTypeName,ConstructionDateText,WellDepthMeasure/MeasureValue,WellDepthMeasure/MeasureUnitCode,WellHoleDepthMeasure/MeasureValue,WellHoleDepthMeasure/MeasureUnitCode,ProviderName
HUIWAIOLA_WQX,The Nature Conservancy - Honolulu,HUIWAIOLA_WQX-HBW,Hana Bay Wharf,Ocean,,20020000,,,,,20.7557722222,-155.9820944444,,,,GPS-Unspecified,WGS84,,,,,,,US,15,009,,,,,,,,,STORET
HUIWAIOLA_WQX,The Nature Conservancy - Honolulu,HUIWAIOLA_WQX-HHC,Helene Hall Cesspool Discharge,Ocean,,20020000,,,,,20.7552916667,-155.9833694444,,,,GPS-Unspecified,WGS84,,,,,,,US,15,009,,,,,,,,,STORET
HUIWAIOLA_WQX,The Nature Conservancy - Honolulu,HUIWAIOLA_WQX-HIW,Holoinawawae Stream,Ocean,,20020000,,,,,20.7615166667,-155.9859083333,,,,GPS-Unspecified,WGS84,,,,,,,US,15,009,,,,,,,,,STORET
HUIWAIOLA_WQX,The Nature Conservancy - Honolulu,HUIWAIOLA_WQX-HKC,Hana Kai Condo,Ocean,,20020000,,,,,20.7596638889,-155.9866277778,,,,GPS-Unspecified,WGS84,,,,,,,US,15,009,,,,,,,,,STORET
HUIWAIOLA_WQX,The Nature Conservancy - Honolulu,HUIWAIOLA_WQX-HLD,Hana Landfill Discharge,Ocean,,20020000,,,,,20.7680777778,-155.9842777778,,,,GPS-Unspecified,WGS84,,,,,,,US,15,009,,,,,,,,,STORET
HUIWAIOLA_WQX,The Nature Conservancy - Honolulu,HUIWAIOLA_WQX-HPV,Pavilion,Ocean,,20020000,,,,,20.7553388889,-155.9837333333,,,,GPS-Unspecified,WGS84,,,,,,,US,15,009,,,,,,,,,STORET
HUIWAIOLA_WQX,The Nature Conservancy - Honolulu,HUIWAIOLA_WQX-HRR,Ranch/Residential Runoff,Ocean,,20020000,,,,,20.7561027778,-155.9845722222,,,,GPS-Unspecified,WGS84,,,,,,,US,15,009,,,,,,,,,STORET
HUIWAIOLA_WQX,The Nature Conservancy - Honolulu,HUIWAIOLA_WQX-KKE,Kealia,Ocean,,20020000,,,,,20.7911790000,-156.4778590000,,,,GPS-Unspecified,WGS84,,,,,,,US,15,009,,,,,,,,,STORET
HUIWAIOLA_WQX,The Nature Conservancy - Honolulu,HUIWAIOLA_WQX-KKR,Kealia river mouth,Ocean,,20020000,,,,,20.7956680000,-156.4886470000,,,,GPS-Unspecified,WGS84,,,,,,,US,15,009,,,,,,,,,STORET
HUIWAIOLA_WQX,The Nature Conservancy - Honolulu,HUIWAIOLA_WQX-KSB,Sugar Beach,Ocean,,20020000,,,,,20.7858850000,-156.4686780000,,,,GPS-Unspecified,WGS84,,,,,,,US,15,009,,,,,,,,,STORET
HUIWAIOLA_WQX,The Nature Conservancy - Honolulu,HUIWAIOLA_WQX-KWF,Waterfront,Ocean,,20020000,,,,,20.7920300000,-156.5096040000,,,,GPS-Unspecified,WGS84,,,,,,,US,15,009,,,,,,,,,STORET
HUIWAIOLA_WQX,The Nature Conservancy - Honolulu,HUIWAIOLA_WQX-KWH,Waiohuli,Ocean,,20020000,,,,,20.7824920000,-156.4643690000,,,,GPS-Unspecified,WGS84,,,,,,,US,15,009,,,,,,,,,STORET
HUIWAIOLA_WQX,The Nature Conservancy - Honolulu,HUIWAIOLA_WQX-NBR,Boat ramp,Ocean,,20020000,,,,,20.8963390000,-156.4778780000,,,,GPS-Unspecified,WGS84,,,,,,,US,15,009,,,,,,,,,STORET
HUIWAIOLA_WQX,The Nature Conservancy - Honolulu,HUIWAIOLA_WQX-NDH,DOH site 2,Ocean,,20020000,,,,,20.8913080000,-156.4714940000,,,,GPS-Unspecified,WGS84,,,,,,,US,15,009,,,,,,,,,STORET
HUIWAIOLA_WQX,The Nature Conservancy - Honolulu,HUIWAIOLA_WQX-NHA,Kahului Harbor Pier 2 stream,Ocean,,20020000,,,,,20.8940460000,-156.4678040000,,,,GPS-Unspecified,WGS84,,,,,,,US,15,009,,,,,,,,,STORET
HUIWAIOLA_WQX,The Nature Conservancy - Honolulu,HUIWAIOLA_WQX-NHB,Kahului Harbor Pier1 and Pier 2,Ocean,,20020000,,,,,20.8957670000,-156.4651030000,,,,GPS-Unspecified,WGS84,,,,,,,US,15,009,,,,,,,,,STORET
HUIWAIOLA_WQX,The Nature Conservancy - Honolulu,HUIWAIOLA_WQX-NHL,Harbor lights DOH site,Ocean,,20020000,,,,,20.8913740000,-156.4736080000,,,,GPS-Unspecified,WGS84,,,,,,,US,15,009,,,,,,,,,STORET
HUIWAIOLA_WQX,The Nature Conservancy - Honolulu,HUIWAIOLA_WQX-NKA,Kaa point,Ocean,,20020000,,,,,20.8982540000,-156.4472800000,,,,GPS-Unspecified,WGS84,,,,,,,US,15,009,,,,,,,,,STORET
HUIWAIOLA_WQX,The Nature Conservancy - Honolulu,HUIWAIOLA_WQX-NKC,Kahului Harbor Canoe Hale,Ocean,,20020000,,,,,20.8921190000,-156.4694840000,,,,GPS-Unspecified,WGS84,,,,,,,US,15,009,,,,,,,,,STORET
HUIWAIOLA_WQX,The Nature Conservancy - Honolulu,HUIWAIOLA_WQX-NKN,Kailua nui,Ocean,,20020000,,,,,20.9138370000,-156.3936910000,,,,GPS-Unspecified,WGS84,,,,,,,US,15,009,,,,,,,,,STORET
HUIWAIOLA_WQX,The Nature Conservancy - Honolulu,HUIWAIOLA_WQX-NKW,Kahului WWRF,Ocean,,20020000,,,,,20.8970780000,-156.4562640000,,,,GPS-Unspecified,WGS84,,,,,,,US,15,009,,,,,,,,,STORET
HUIWAIOLA_WQX,The Nature Conservancy - Honolulu,HUIWAIOLA_WQX-NME,MECO,Ocean,,20020000,,,,,20.7970230000,-156.4942850000,,,,GPS-Unspecified,WGS84,,,,,,,US,15,009,,,,,,,,,STORET
HUIWAIOLA_WQX,The Nature Conservancy - Honolulu,HUIWAIOLA_WQX-NMG,McGregor Point,Ocean,,20020000,,,,,20.7773060000,-156.5223180000,,,,GPS-Unspecified,WGS84,,,,,,,US,15,009,,,,,,,,,STORET
HUIWAIOLA_WQX,The Nature Conservancy - Honolulu,HUIWAIOLA_WQX-NPA,Papaula,Ocean,,20020000,,,,,20.9083970000,-156.4276440000,,,,GPS-Unspecified,WGS84,,,,,,,US,15,009,,,,,,,,,STORET
HUIWAIOLA_WQX,The Nature Conservancy - Honolulu,HUIWAIOLA_WQX-NSB,Beach,Ocean,,20020000,,,,,20.7850010000,-156.5162670000,,,,GPS-Unspecified,WGS84,,,,,,,US,15,009,,,,,,,,,STORET
HUIWAIOLA_WQX,The Nature Conservancy - Honolulu,HUIWAIOLA_WQX-NSC,Sugar Cove,Ocean,,20020000,,,,,20.9093650000,-156.4093010000,,,,GPS-Unspecified,WGS84,,,,,,,US,15,009,,,,,,,,,STORET
HUIWAIOLA_WQX,The Nature Conservancy - Honolulu,HUIWAIOLA_WQX-NWA,Wawau,Ocean,,20020000,,,,,20.9127100000,-156.4031400000,,,,GPS-Unspecified,WGS84,,,,,,,US,15,009,,,,,,,,,STORET
HUIWAIOLA_WQX,The Nature Conservancy - Honolulu,HUIWAIOLA_WQX-NWG,Waiehu Golf course,Ocean,,20020000,,,,,20.9278780000,-156.4954960000,,,,GPS-Unspecified,WGS84,,,,,,,US,15,009,,,,,,,,,STORET
HUIWAIOLA_WQX,The Nature Conservancy - Honolulu,HUIWAIOLA_WQX-NWI,Wailuku stream,Ocean,,20020000,,,,,20.9104980000,-156.4847070000,,,,GPS-Unspecified,WGS84,,,,,,,US,15,009,,,,,,,,,STORET
HUIWAIOLA_WQX,The Nature Conservancy - Honolulu,HUIWAIOLA_WQX-NWK,Waihee Kalepa,Ocean,,20020000,,,,,20.9338920000,-156.5032230000,,,,GPS-Unspecified,WGS84,,,,,,,US,15,009,,,,,,,,,STORET
HUIWAIOLA_WQX,The Nature Conservancy - Honolulu,HUIWAIOLA_WQX-NWS,Waiehu stream,Ocean,,20020000,,,,,20.9183570000,-156.4918160000,,,,GPS-Unspecified,WGS84,,,,,,,US,15,009,,,,,,,,,STORET
HUIWAIOLA_WQX,The Nature Conservancy - Honolulu,HUIWAIOLA_WQX-OBR,Ukumehame Bridge,Ocean,,20020000,,,,,20.7998300000,-156.5924400000,,,,GPS-Unspecified,WGS84,,,,,,,US,15,009,,,,,,,,,STORET
HUIWAIOLA_WQX,The Nature Conservancy - Honolulu,HUIWAIOLA_WQX-OCO,Camp Olowalu,Ocean,,20020000,,,,,20.8098600000,-156.6136900000,,,,GPS-Unspecified,WGS84,,,,,,,US,15,009,,,,,,,,,STORET
HUIWAIOLA_WQX,The Nature Conservancy - Honolulu,HUIWAIOLA_WQX-OLP,Launiupoko,Ocean,,20020000,,,,,20.8423600000,-156.6530350000,,,,GPS-Unspecified,WGS84,,,,,,,US,15,009,,,,,,,,,STORET
HUIWAIOLA_WQX,The Nature Conservancy - Honolulu,HUIWAIOLA_WQX-OMM,Mile Marker 14,Ocean,,20020000,,,,,20.8091500000,-156.6066100000,,,,GPS-Unspecified,WGS84,,,,,,,US,15,009,,,,,,,,,STORET
HUIWAIOLA_WQX,The Nature Conservancy - Honolulu,HUIWAIOLA_WQX-OPB,Papalaua,Ocean,,20020000,,,,,20.7934800000,-156.5749200000,,,,GPS-Unspecified,WGS84,,,,,,,US,15,009,,,,,,,,,STORET
HUIWAIOLA_WQX,The Nature Conservancy - Honolulu,HUIWAIOLA_WQX-OPM,Peter Martin Hale,Ocean,,20020000,,,,,20.8084440000,-156.6196970000,,,,GPS-Unspecified,WGS84,,,,,,,US,15,009,,,,,,,,,STORET
HUIWAIOLA_WQX,The Nature Conservancy - Honolulu,HUIWAIOLA_WQX-OPP,Papalaua Pali,Ocean,,20020000,,,,,20.7926900000,-156.5687200000,,,,GPS-Unspecified,WGS84,,,,,,,US,15,009,,,,,,,,,STORET
HUIWAIOLA_WQX,The Nature Conservancy - Honolulu,HUIWAIOLA_WQX-OSB,Olowalu surf break,Ocean,,20020000,,,,,20.8237800000,-156.6315000000,,,,GPS-Unspecified,WGS84,,,,,,,US,15,009,,,,,,,,,STORET
HUIWAIOLA_WQX,The Nature Conservancy - Honolulu,HUIWAIOLA_WQX-OSF,Olowalu shore front,Ocean,,20020000,,,,,20.8091600000,-156.6228900000,,,,GPS-Unspecified,WGS84,,,,,,,US,15,009,,,,,,,,,STORET
HUIWAIOLA_WQX,The Nature Conservancy - Honolulu,HUIWAIOLA_WQX-OTC,Teen Challenge,Ocean,,20020000,,,,,20.8100500000,-156.6089000000,,,,GPS-Unspecified,WGS84,,,,,,,US,15,009,,,,,,,,,STORET
HUIWAIOLA_WQX,The Nature Conservancy - Honolulu,HUIWAIOLA_WQX-OUB,Ukumehame Beach,Ocean,,20020000,,,,,20.7944800000,-156.5814200000,,,,GPS-Unspecified,WGS84,,,,,,,US,15,009,,,,,,,,,STORET
HUIWAIOLA_WQX,The Nature Conservancy - Honolulu,HUIWAIOLA_WQX-PFF,505 Front Street,Ocean,,20020000,,,,,20.8673200000,-156.6760500000,,,,GPS-Unspecified,WGS84,,,,,,,US,15,009,,,,,,,,,STORET
HUIWAIOLA_WQX,The Nature Conservancy - Honolulu,HUIWAIOLA_WQX-PLH,Lindsey Hale,Ocean,,20020000,,,,,20.8648500000,-156.6737400000,,,,GPS-Unspecified,WGS84,,,,,,,US,15,009,,,,,,,,,STORET
HUIWAIOLA_WQX,The Nature Conservancy - Honolulu,HUIWAIOLA_WQX-PLT,Lahaina Town,Ocean,,20020000,,,,,20.8635600000,-156.6729700000,,,,GPS-Unspecified,WGS84,,,,,,,US,15,009,,,,,,,,,STORET
HUIWAIOLA_WQX,The Nature Conservancy - Honolulu,HUIWAIOLA_WQX-PMA,Makila Point,Ocean,,20020000,,,,,20.8588400000,-156.6693300000,,,,GPS-Unspecified,WGS84,,,,,,,US,15,009,,,,,,,,,STORET
HUIWAIOLA_WQX,The Nature Conservancy - Honolulu,HUIWAIOLA_WQX-PPU,Puamana,Ocean,,20020000,,,,,20.8592330000,-156.6694420000,,,,GPS-Unspecified,WGS84,,,,,,,US,15,009,,,,,,,,,STORET
HUIWAIOLA_WQX,The Nature Conservancy - Honolulu,HUIWAIOLA_WQX-RAB,Airport Beach,Ocean,,20020000,,,,,20.9366690000,-156.6927800000,,,,GPS-Unspecified,WGS84,,,,,,,US,15,009,,,,,,,,,STORET
HUIWAIOLA_WQX,The Nature Conservancy - Honolulu,HUIWAIOLA_WQX-RAP,Airport2,Ocean,,20020000,,,,,20.9412690000,-156.6924390000,,,,GPS-Unspecified,WGS84,,,,,,,US,15,009,,,,,,,,,STORET
HUIWAIOLA_WQX,The Nature Conservancy - Honolulu,HUIWAIOLA_WQX-RBR,Black Rock,Ocean,,20020000,,,,,20.9295890000,-156.6939500000,,,,GPS-Unspecified,WGS84,,,,,,,US,15,009,,,,,,,,,STORET
HUIWAIOLA_WQX,The Nature Conservancy - Honolulu,HUIWAIOLA_WQX-RCB,Canoe Beach,Ocean,,20020000,,,,,20.9100170000,-156.6891700000,,,,GPS-Unspecified,WGS84,,,,,,,US,15,009,,,,,,,,,STORET
HUIWAIOLA_WQX,The Nature Conservancy - Honolulu,HUIWAIOLA_WQX-RFN,FlemingNorth DT beach park,Ocean,,20020000,,,,,21.0050000000,-156.6508400000,,,,GPS-Unspecified,WGS84,,,,,,,US,15,009,,,,,,,,,STORET
HUIWAIOLA_WQX,The Nature Conservancy - Honolulu,HUIWAIOLA_WQX-RFS,FlemingSouth Kapalua Bay,Ocean,,20020000,,,,,20.9986360000,-156.6666700000,,,,GPS-Unspecified,WGS84,,,,,,,US,15,009,,,,,,,,,STORET
HUIWAIOLA_WQX,The Nature Conservancy - Honolulu,HUIWAIOLA_WQX-RHL,Honolua,Ocean,,20020000,,,,,21.0130580000,-156.6383400000,,,,GPS-Unspecified,WGS84,,,,,,,US,15,009,,,,,,,,,STORET
HUIWAIOLA_WQX,The Nature Conservancy - Honolulu,HUIWAIOLA_WQX-RHO,Honokowai,Ocean,,20020000,,,,,20.9552780000,-156.6864720000,,,,GPS-Unspecified,WGS84,,,,,,,US,15,009,,,,,,,,,STORET
HUIWAIOLA_WQX,The Nature Conservancy - Honolulu,HUIWAIOLA_WQX-RKA,South seep (Kahekili 4),Ocean,,20020000,,,,,20.9383040000,-156.6927920000,,,,GPS-Unspecified,WGS84,,,,,,,US,15,009,,,,,,,,,STORET
HUIWAIOLA_WQX,The Nature Conservancy - Honolulu,HUIWAIOLA_WQX-RKN,North seep (Kehekili 3),Ocean,,20020000,,,,,20.9400040000,-156.6925860000,,,,GPS-Unspecified,WGS84,,,,,,,US,15,009,,,,,,,,,STORET
HUIWAIOLA_WQX,The Nature Conservancy - Honolulu,HUIWAIOLA_WQX-RKO,Ka'opala,Ocean,,20020000,,,,,20.9819670000,-156.6730800000,,,,GPS-Unspecified,WGS84,,,,,,,US,15,009,,,,,,,,,STORET
HUIWAIOLA_WQX,The Nature Conservancy - Honolulu,HUIWAIOLA_WQX-RKS,Kaanapali Shores,Ocean,,20020000,,,,,20.9493310000,-156.6911240000,,,,GPS-Unspecified,WGS84,,,,,,,US,15,009,,,,,,,,,STORET
HUIWAIOLA_WQX,The Nature Conservancy - Honolulu,HUIWAIOLA_WQX-RKV,Kahana Village,Ocean,,20020000,,,,,20.9765610000,-156.6780000000,,,,GPS-Unspecified,WGS84,,,,,,,US,15,009,,,,,,,,,STORET
HUIWAIOLA_WQX,The Nature Conservancy - Honolulu,HUIWAIOLA_WQX-RLO,Lokelani,Ocean,,20020000,,,,,20.9602560000,-156.6843600000,,,,GPS-Unspecified,WGS84,,,,,,,US,15,009,,,,,,,,,STORET
HUIWAIOLA_WQX,The Nature Conservancy - Honolulu,HUIWAIOLA_WQX-RMO,Mokuleia,Ocean,,20020000,,,,,21.0111110000,-156.6425600000,,,,GPS-Unspecified,WGS84,,,,,,,US,15,009,,,,,,,,,STORET
HUIWAIOLA_WQX,The Nature Conservancy - Honolulu,HUIWAIOLA_WQX-RNN,Napili (north end),Ocean,,20020000,,,,,20.9965800000,-156.6661400000,,,,GPS-Unspecified,WGS84,,,,,,,US,15,009,,,,,,,,,STORET
HUIWAIOLA_WQX,The Nature Conservancy - Honolulu,HUIWAIOLA_WQX-RNS,Napili (south end),Ocean,,20020000,,,,,20.9942220000,-156.6674170000,,,,GPS-Unspecified,WGS84,,,,,,,US,15,009,,,,,,,,,STORET
HUIWAIOLA_WQX,The Nature Conservancy - Honolulu,HUIWAIOLA_WQX-RON,Oneloa,Ocean,,20020000,,,,,21.0040560000,-156.6589400000,,,,GPS-Unspecified,WGS84,,,,,,,US,15,009,,,,,,,,,STORET
HUIWAIOLA_WQX,The Nature Conservancy - Honolulu,HUIWAIOLA_WQX-RPA,Papakea,Ocean,,20020000,,,,,20.9507380000,-156.6903330000,,,,GPS-Unspecified,WGS84,,,,,,,US,15,009,,,,,,,,,STORET
HUIWAIOLA_WQX,The Nature Conservancy - Honolulu,HUIWAIOLA_WQX-RPO,Pohaku,Ocean,,20020000,,,,,20.9670830000,-156.6813900000,,,,GPS-Unspecified,WGS84,,,,,,,US,15,009,,,,,,,,,STORET
HUIWAIOLA_WQX,The Nature Conservancy - Honolulu,HUIWAIOLA_WQX-RPU,Pohaku 2,Ocean,,20020000,,,,,20.9683760000,-156.6810030000,,,,GPS-Unspecified,WGS84,,,,,,,US,15,009,,,,,,,,,STORET
HUIWAIOLA_WQX,The Nature Conservancy - Honolulu,HUIWAIOLA_WQX-RSK,Sheraton Ka'anapali,Ocean,,20020000,,,,,20.9249500000,-156.6952700000,,,,GPS-Unspecified,WGS84,,,,,,,US,15,009,,,,,,,,,STORET
HUIWAIOLA_WQX,The Nature Conservancy - Honolulu,HUIWAIOLA_WQX-RWA,Wahikuli,Ocean,,20020000,,,,,20.9042300000,-156.6859300000,,,,GPS-Unspecified,WGS84,,,,,,,US,15,009,,,,,,,,,STORET
HUIWAIOLA_WQX,The Nature Conservancy - Honolulu,HUIWAIOLA_WQX-SAK,Ahihi Kina'u,Ocean,,20020000,,,,,20.6184500000,-156.4374800000,,,,GPS-Unspecified,WGS84,,,,,,,US,15,009,,,,,,,,,STORET
HUIWAIOLA_WQX,The Nature Conservancy - Honolulu,HUIWAIOLA_WQX-SBA,Baby Beach,Ocean,,20020000,,,,,20.9127720000,-156.4029250000,,,,GPS-Unspecified,WGS84,,,,,,,US,15,009,,,,,,,,,STORET
HUIWAIOLA_WQX,The Nature Conservancy - Honolulu,HUIWAIOLA_WQX-SBB,Baldwin Beach,Ocean,,20020000,,,,,20.9139890000,-156.3937390000,,,,GPS-Unspecified,WGS84,,,,,,,US,15,009,,,,,,,,,STORET
HUIWAIOLA_WQX,The Nature Conservancy - Honolulu,HUIWAIOLA_WQX-SHE,Hookipa Beach Park E,Ocean,,20020000,,,,,20.9340690000,-156.3566220000,,,,GPS-Unspecified,WGS84,,,,,,,US,15,009,,,,,,,,,STORET
HUIWAIOLA_WQX,The Nature Conservancy - Honolulu,HUIWAIOLA_WQX-SHP,Haycraft Park,Ocean,,20020000,,,,,20.7965700000,-156.5017300000,,,,GPS-Unspecified,WGS84,,,,,,,US,15,009,,,,,,,,,STORET
HUIWAIOLA_WQX,The Nature Conservancy - Honolulu,HUIWAIOLA_WQX-SHW,Hookipa Beach Park W,Ocean,,20020000,,,,,20.9335190000,-156.3575940000,,,,GPS-Unspecified,WGS84,,,,,,,US,15,009,,,,,,,,,STORET
HUIWAIOLA_WQX,The Nature Conservancy - Honolulu,HUIWAIOLA_WQX-SKA,Kanaha Beach,Ocean,,20020000,,,,,20.9032780000,-156.4359170000,,,,GPS-Unspecified,WGS84,,,,,,,US,15,009,,,,,,,,,STORET
HUIWAIOLA_WQX,The Nature Conservancy - Honolulu,HUIWAIOLA_WQX-SKB,K Bay,Ocean,,20020000,,,,,20.9422390000,-156.3180860000,,,,GPS-Unspecified,WGS84,,,,,,,US,15,009,,,,,,,,,STORET
HUIWAIOLA_WQX,The Nature Conservancy - Honolulu,HUIWAIOLA_WQX-SKH,Kahului Harbor,Ocean,,20020000,,,,,20.8911920000,-156.4734780000,,,,GPS-Unspecified,WGS84,,,,,,,US,15,009,,,,,,,,,STORET
HUIWAIOLA_WQX,The Nature Conservancy - Honolulu,HUIWAIOLA_WQX-SKI,Kihei Pier,Ocean,,20020000,,,,,20.7811500000,-156.4628300000,,,,GPS-Unspecified,WGS84,,,,,,,US,15,009,,,,,,,,,STORET
HUIWAIOLA_WQX,The Nature Conservancy - Honolulu,HUIWAIOLA_WQX-SKO,Kō'ie'ie Fishpond,Ocean,,20020000,,,,,20.7638700000,-156.4590800000,,,,GPS-Unspecified,WGS84,,,,,,,US,15,009,,,,,,,,,STORET
HUIWAIOLA_WQX,The Nature Conservancy - Honolulu,HUIWAIOLA_WQX-SKP,Kalama Park,Ocean,,20020000,,,,,20.7312200000,-156.4538800000,,,,GPS-Unspecified,WGS84,,,,,,,US,15,009,,,,,,,,,STORET
HUIWAIOLA_WQX,The Nature Conservancy - Honolulu,HUIWAIOLA_WQX-SKU,Kuau Bay,Ocean,,20020000,,,,,20.9223440000,-156.3741830000,,,,GPS-Unspecified,WGS84,,,,,,,US,15,009,,,,,,,,,STORET
HUIWAIOLA_WQX,The Nature Conservancy - Honolulu,HUIWAIOLA_WQX-SMA,Mama's Beach,Ocean,,20020000,,,,,20.9295650000,-156.3671040000,,,,GPS-Unspecified,WGS84,,,,,,,US,15,009,,,,,,,,,STORET
HUIWAIOLA_WQX,The Nature Conservancy - Honolulu,HUIWAIOLA_WQX-SMB,Maliko Bay,Ocean,,20020000,,,,,20.9361940000,-156.3391610000,,,,GPS-Unspecified,WGS84,,,,,,,US,15,009,,,,,,,,,STORET
HUIWAIOLA_WQX,The Nature Conservancy - Honolulu,HUIWAIOLA_WQX-SPB,Paia Bay,Ocean,,20020000,,,,,20.9156690000,-156.3857830000,,,,GPS-Unspecified,WGS84,,,,,,,US,15,009,,,,,,,,,STORET
HUIWAIOLA_WQX,The Nature Conservancy - Honolulu,HUIWAIOLA_WQX-SPE,Pe'ahi shoreline,Ocean,,20020000,,,,,20.9409530000,-156.2991720000,,,,GPS-Unspecified,WGS84,,,,,,,US,15,009,,,,,,,,,STORET
HUIWAIOLA_WQX,The Nature Conservancy - Honolulu,HUIWAIOLA_WQX-SWB,Waihe'e Beach Park,Ocean,,20020000,,,,,20.9325340000,-156.4988760000,,,,GPS-Unspecified,WGS84,,,,,,,US,15,009,,,,,,,,,STORET